Basic format
+----+-----------+---------------+---------+---------------------+---------------+------------+---------------------+
| id | user_name | reaction_type | post_id | created_at          | location      | mood_level | comment             |
+----+-----------+---------------+---------+---------------------+---------------+------------+---------------------+
|  1 | Alice     | like          |     101 | 2025-08-07 10:15:00 | New York      |          8 | Nice post!          |
|  2 | Bob       | love          |     102 | 2025-08-06 14:20:00 | Los Angeles   |          9 | Awesome!            |
|  3 | Charlie   | angry         |     101 | 2025-08-05 09:10:00 | Chicago       |          3 | NULL                |
|  4 | Diana     | wow           |     103 | 2025-08-07 08:30:00 | Miami         |          7 | Interesting point.  |
|  5 | Ethan     | sad           |     104 | 2025-08-04 16:45:00 | Dallas        |          2 | NULL                |
|  6 | Fiona     | love          |     102 | 2025-08-07 12:00:00 | Boston        |          6 | Well said.          |
|  7 | George    | like          |     105 | 2025-08-03 11:25:00 | Seattle       |          5 | NULL                |
|  8 | Hannah    | like          |     106 | 2025-08-07 15:50:00 | Denver        |          9 | Completely agree!   |
|  9 | Ian       | angry         |     107 | 2025-08-06 13:15:00 | Phoenix       |          4 | Not okay with this. |
| 10 | Jane      | sad           |     108 | 2025-08-02 18:40:00 | Atlanta       |          1 | NULL                |
| 11 | Sam       | like          |     101 | 2025-08-07 10:50:00 | New York      |          8 | ������              |
| 12 | Anita     | wow           |     109 | 2025-08-01 20:10:00 | Houston       |          7 | NULL                |
| 13 | Brian     | love          |     110 | 2025-08-07 09:05:00 | San Francisco |         10 | Fantastic work!     |
| 14 | Catherine | like          |     111 | 2025-08-07 08:55:00 | New York      |          6 | NULL                |
| 15 | Daniel    | angry         |     112 | 2025-08-05 17:35:00 | Chicago       |          2 | NULL                |
+----+-----------+---------------+---------+---------------------+---------------+------------+-------------------
LIKE
Write a query to find all reactions made by users whose names start with the letter A.

mysql> select * from reaction where user_name like 'a%';
+----+-----------+---------------+---------+---------------------+----------+------------+------------+
| id | user_name | reaction_type | post_id | created_at          | location | mood_level | comment    |
+----+-----------+---------------+---------+---------------------+----------+------------+------------+
|  1 | Alice     | like          |     101 | 2025-08-07 10:15:00 | New York |          8 | Nice post! |
| 12 | Anita     | wow           |     109 | 2025-08-01 20:10:00 | Houston  |          7 | NULL       |
+----+-----------+---------------+---------+---------------------+----------+------------+------------+
AS (Alias)
Write a query to display user_name as Reactor and reaction_type as Type.
+-----------+-------+
| Reactor   | Type  |
+-----------+-------+
| Alice     | like  |
| Bob       | love  |
| Charlie   | angry |
| Diana     | wow   |
| Ethan     | sad   |
| Fiona     | love  |
| George    | like  |
| Hannah    | like  |
| Ian       | angry |
| Jane      | sad   |
| Sam       | like  |
| Anita     | wow   |
| Brian     | love  |
| Catherine | like  |
| Daniel    | angry |
+-----------+-------+
BETWEEN
Write a query to find all reactions where the mood level is between 4 and 8.

mysql> select *from reaction where mood_level between 4 and 8;
+----+-----------+---------------+---------+---------------------+----------+------------+---------------------+
| id | user_name | reaction_type | post_id | created_at          | location | mood_level | comment             |
+----+-----------+---------------+---------+---------------------+----------+------------+---------------------+
|  1 | Alice     | like          |     101 | 2025-08-07 10:15:00 | New York |          8 | Nice post!          |
|  4 | Diana     | wow           |     103 | 2025-08-07 08:30:00 | Miami    |          7 | Interesting point.  |
|  6 | Fiona     | love          |     102 | 2025-08-07 12:00:00 | Boston   |          6 | Well said.          |
|  7 | George    | like          |     105 | 2025-08-03 11:25:00 | Seattle  |          5 | NULL                |
|  9 | Ian       | angry         |     107 | 2025-08-06 13:15:00 | Phoenix  |          4 | Not okay with this. |
| 11 | Sam       | like          |     101 | 2025-08-07 10:50:00 | New York |          8 | ������              |
| 12 | Anita     | wow           |     109 | 2025-08-01 20:10:00 | Houston  |          7 | NULL                |
| 14 | Catherine | like          |     111 | 2025-08-07 08:55:00 | New York |          6 | NULL                |
+----+-----------+---------------+---------+---------------------+----------+------------+---------------------+
AND
Write a query to get all reactions where the type is like and the mood level is above 7.
mysql> select * from reaction where reaction_type='like' and mood_level>7;
+----+-----------+---------------+---------+---------------------+----------+------------+--------------------+
| id | user_name | reaction_type | post_id | created_at          | location | mood_level | comment            |
+----+-----------+---------------+---------+---------------------+----------+------------+--------------------+
|  1 | Alice     | like          |     101 | 2025-08-07 10:15:00 | New York |          8 | Nice post!         |
|  8 | Hannah    | like          |     106 | 2025-08-07 15:50:00 | Denver   |          9 | Completely agree!  |
| 11 | Sam       | like          |     101 | 2025-08-07 10:50:00 | New York |          8 | ������             |
+----+-----------+---------------+---------+---------------------+----------+------------+--------------------+
OR
Write a query to list all reactions where the type is either love or angry.
mysql> select * from reaction where reaction_type='love' or reaction_type='angry';
+----+-----------+---------------+---------+---------------------+---------------+------------+---------------------+
| id | user_name | reaction_type | post_id | created_at          | location      | mood_level | comment             |
+----+-----------+---------------+---------+---------------------+---------------+------------+---------------------+
|  2 | Bob       | love          |     102 | 2025-08-06 14:20:00 | Los Angeles   |          9 | Awesome!            |
|  3 | Charlie   | angry         |     101 | 2025-08-05 09:10:00 | Chicago       |          3 | NULL                |
|  6 | Fiona     | love          |     102 | 2025-08-07 12:00:00 | Boston        |          6 | Well said.          |
|  9 | Ian       | angry         |     107 | 2025-08-06 13:15:00 | Phoenix       |          4 | Not okay with this. |
| 13 | Brian     | love          |     110 | 2025-08-07 09:05:00 | San Francisco |         10 | Fantastic work!     |
| 15 | Daniel    | angry         |     112 | 2025-08-05 17:35:00 | Chicago       |          2 | NULL                |
+----+-----------+---------------+---------+---------------------+---------------+------------+---------------------+
NOT
Write a query to show all reactions that are not of type sad.
mysql> select * from reaction where reaction_type <> 'sad';
+----+-----------+---------------+---------+---------------------+---------------+------------+---------------------+
| id | user_name | reaction_type | post_id | created_at          | location      | mood_level | comment             |
+----+-----------+---------------+---------+---------------------+---------------+------------+---------------------+
|  1 | Alice     | like          |     101 | 2025-08-07 10:15:00 | New York      |          8 | Nice post!          |
|  2 | Bob       | love          |     102 | 2025-08-06 14:20:00 | Los Angeles   |          9 | Awesome!            |
|  3 | Charlie   | angry         |     101 | 2025-08-05 09:10:00 | Chicago       |          3 | NULL                |
|  4 | Diana     | wow           |     103 | 2025-08-07 08:30:00 | Miami         |          7 | Interesting point.  |
|  6 | Fiona     | love          |     102 | 2025-08-07 12:00:00 | Boston        |          6 | Well said.          |
|  7 | George    | like          |     105 | 2025-08-03 11:25:00 | Seattle       |          5 | NULL                |
|  8 | Hannah    | like          |     106 | 2025-08-07 15:50:00 | Denver        |          9 | Completely agree!   |
|  9 | Ian       | angry         |     107 | 2025-08-06 13:15:00 | Phoenix       |          4 | Not okay with this. |
| 11 | Sam       | like          |     101 | 2025-08-07 10:50:00 | New York      |          8 | ������              |
| 12 | Anita     | wow           |     109 | 2025-08-01 20:10:00 | Houston       |          7 | NULL                |
| 13 | Brian     | love          |     110 | 2025-08-07 09:05:00 | San Francisco |         10 | Fantastic work!     |
| 14 | Catherine | like          |     111 | 2025-08-07 08:55:00 | New York      |          6 | NULL                |
| 15 | Daniel    | angry         |     112 | 2025-08-05 17:35:00 | Chicago       |          2 | NULL                |
+----+-----------+---------------+---------+---------------------+---------------+------------+---------------------+
IN
Write a query to find all reactions where the reaction type is like,wow, or love.
+----+-----------+---------------+---------+---------------------+---------------+------------+--------------------+
| id | user_name | reaction_type | post_id | created_at          | location      | mood_level | comment            |
+----+-----------+---------------+---------+---------------------+---------------+------------+--------------------+
|  1 | Alice     | like          |     101 | 2025-08-07 10:15:00 | New York      |          8 | Nice post!         |
|  2 | Bob       | love          |     102 | 2025-08-06 14:20:00 | Los Angeles   |          9 | Awesome!           |
|  4 | Diana     | wow           |     103 | 2025-08-07 08:30:00 | Miami         |          7 | Interesting point. |
|  6 | Fiona     | love          |     102 | 2025-08-07 12:00:00 | Boston        |          6 | Well said.         |
|  7 | George    | like          |     105 | 2025-08-03 11:25:00 | Seattle       |          5 | NULL               |
|  8 | Hannah    | like          |     106 | 2025-08-07 15:50:00 | Denver        |          9 | Completely agree!  |
| 11 | Sam       | like          |     101 | 2025-08-07 10:50:00 | New York      |          8 | ������             |
| 12 | Anita     | wow           |     109 | 2025-08-01 20:10:00 | Houston       |          7 | NULL               |
| 13 | Brian     | love          |     110 | 2025-08-07 09:05:00 | San Francisco |         10 | Fantastic work!    |
| 14 | Catherine | like          |     111 | 2025-08-07 08:55:00 | New York      |          6 | NULL               |
+----+-----------+---------------+---------+---------------------+---------------+------------+--------------------+
IS NULL
Write a query to display all reactions where the comment is missing (i.e., NULL).
mysql> select * from reaction where comment is null;
+----+-----------+---------------+---------+---------------------+----------+------------+---------+
| id | user_name | reaction_type | post_id | created_at          | location | mood_level | comment |
+----+-----------+---------------+---------+---------------------+----------+------------+---------+
|  3 | Charlie   | angry         |     101 | 2025-08-05 09:10:00 | Chicago  |          3 | NULL    |
|  5 | Ethan     | sad           |     104 | 2025-08-04 16:45:00 | Dallas   |          2 | NULL    |
|  7 | George    | like          |     105 | 2025-08-03 11:25:00 | Seattle  |          5 | NULL    |
| 10 | Jane      | sad           |     108 | 2025-08-02 18:40:00 | Atlanta  |          1 | NULL    |
| 12 | Anita     | wow           |     109 | 2025-08-01 20:10:00 | Houston  |          7 | NULL    |
| 14 | Catherine | like          |     111 | 2025-08-07 08:55:00 | New York |          6 | NULL    |
| 15 | Daniel    | angry         |     112 | 2025-08-05 17:35:00 | Chicago  |          2 | NULL    |
+----+-----------+---------------+---------+---------------------+----------+------------+---------+
IS NOT NULL
Write a query to find all reactions that include a comment.
mysql>  select * from reaction where comment is not null;
+----+-----------+---------------+---------+---------------------+---------------+------------+---------------------+
| id | user_name | reaction_type | post_id | created_at          | location      | mood_level | comment             |
+----+-----------+---------------+---------+---------------------+---------------+------------+---------------------+
|  1 | Alice     | like          |     101 | 2025-08-07 10:15:00 | New York      |          8 | Nice post!          |
|  2 | Bob       | love          |     102 | 2025-08-06 14:20:00 | Los Angeles   |          9 | Awesome!            |
|  4 | Diana     | wow           |     103 | 2025-08-07 08:30:00 | Miami         |          7 | Interesting point.  |
|  6 | Fiona     | love          |     102 | 2025-08-07 12:00:00 | Boston        |          6 | Well said.          |
|  8 | Hannah    | like          |     106 | 2025-08-07 15:50:00 | Denver        |          9 | Completely agree!   |
|  9 | Ian       | angry         |     107 | 2025-08-06 13:15:00 | Phoenix       |          4 | Not okay with this. |
| 11 | Sam       | like          |     101 | 2025-08-07 10:50:00 | New York      |          8 | ������              |
| 13 | Brian     | love          |     110 | 2025-08-07 09:05:00 | San Francisco |         10 | Fantastic work!     |
+----+-----------+---------------+---------+---------------------+---------------+------------+---------------------+
UPPER()
Write a query to show all usernames in uppercase.
mysql> select upper(user_name) from reaction;
+------------------+
| upper(user_name) |
+------------------+
| ALICE            |
| BOB              |
| CHARLIE          |
| DIANA            |
| ETHAN            |
| FIONA            |
| GEORGE           |
| HANNAH           |
| IAN              |
| JANE             |
| SAM              |
| ANITA            |
| BRIAN            |
| CATHERINE        |
| DANIEL           |
+------------------+

LOWER()
Write a query to show all reaction types in lowercase.
mysql>  select lower(user_name) from reaction;
+------------------+
| lower(user_name) |
+------------------+
| alice            |
| bob              |
| charlie          |
| diana            |
| ethan            |
| fiona            |
| george           |
| hannah           |
| ian              |
| jane             |
| sam              |
| anita            |
| brian            |
| catherine        |
| daniel           |
+------------------+
LENGTH()
Write a query to find all users whose usernames are longer than 6 characters.
mysql> select * from reaction where length(user_name)>6;
+----+-----------+---------------+---------+---------------------+----------+------------+---------+
| id | user_name | reaction_type | post_id | created_at          | location | mood_level | comment |
+----+-----------+---------------+---------+---------------------+----------+------------+---------+
|  3 | Charlie   | angry         |     101 | 2025-08-05 09:10:00 | Chicago  |          3 | NULL    |
| 14 | Catherine | like          |     111 | 2025-08-07 08:55:00 | New York |          6 | NULL    |
+----+-----------+---------------+---------+---------------------+----------+------------+---------
NOW()
Write a query to find all reactions made today (based on the created_at column).
mysql> select now() from reaction;
+---------------------+
| now()               |
+---------------------+
| 2025-08-07 11:52:15 |
| 2025-08-07 11:52:15 |
| 2025-08-07 11:52:15 |
| 2025-08-07 11:52:15 |
| 2025-08-07 11:52:15 |
| 2025-08-07 11:52:15 |
| 2025-08-07 11:52:15 |
| 2025-08-07 11:52:15 |
| 2025-08-07 11:52:15 |
| 2025-08-07 11:52:15 |
| 2025-08-07 11:52:15 |
| 2025-08-07 11:52:15 |
| 2025-08-07 11:52:15 |
| 2025-08-07 11:52:15 |
| 2025-08-07 11:52:15 |
+---------------------+
DATE()
Write a query to extract and show only the date part from the created_at column.
mysql> select curdate() from reaction;
+------------+
| curdate()  |
+------------+
| 2025-08-07 |
| 2025-08-07 |
| 2025-08-07 |
| 2025-08-07 |
| 2025-08-07 |
| 2025-08-07 |
| 2025-08-07 |
| 2025-08-07 |
| 2025-08-07 |
| 2025-08-07 |
| 2025-08-07 |
| 2025-08-07 |
| 2025-08-07 |
| 2025-08-07 |
| 2025-08-07 |
+------------+
LIKE with %
Write a query to find all users whose name contains the substring an.

mysql> select * from reaction where user_name like '%an';
+----+-----------+---------------+---------+---------------------+---------------+------------+---------------------+
| id | user_name | reaction_type | post_id | created_at          | location      | mood_level | comment             |
+----+-----------+---------------+---------+---------------------+---------------+------------+---------------------+
|  5 | Ethan     | sad           |     104 | 2025-08-04 16:45:00 | Dallas        |          2 | NULL                |
|  9 | Ian       | angry         |     107 | 2025-08-06 13:15:00 | Phoenix       |          4 | Not okay with this. |
| 13 | Brian     | love          |     110 | 2025-08-07 09:05:00 | San Francisco |         10 | Fantastic work!     |
+----+-----------+---------------+---------+---------------------+---------------+------------+---------------------+
3 rows in set (0.00 sec)
ROUND()
Write a query to display each users mood level rounded to the nearest 5.
mysql> select user_name,mood_level,round(mood_level/5.0)*5 from reaction;
+-----------+------------+-------------------------+
| user_name | mood_level | round(mood_level/5.0)*5 |
+-----------+------------+-------------------------+
| Alice     |          8 |                      10 |
| Bob       |          9 |                      10 |
| Charlie   |          3 |                       5 |
| Diana     |          7 |                       5 |
| Ethan     |          2 |                       0 |
| Fiona     |          6 |                       5 |
| George    |          5 |                       5 |
| Hannah    |          9 |                      10 |
| Ian       |          4 |                       5 |
| Jane      |          1 |                       0 |
| Sam       |          8 |                      10 |
| Anita     |          7 |                       5 |
| Brian     |         10 |                      10 |
| Catherine |          6 |                       5 |
| Daniel    |          2 |                       0 |
+-----------+------------+-------------------------+
SUBSTR + UPPER()
Write a query to show the first 2 letters of each users name in uppercase.
mysql> select user_name,upper(substr(user_name,1,2)) from reaction;
+-----------+------------------------------+
| user_name | upper(substr(user_name,1,2)) 
+-----------+------------------------------+
| Alice     | AL                           |
| Bob       | BO                           |
| Charlie   | CH                           |
| Diana     | DI                           |
| Ethan     | ET                           |
| Fiona     | FI                           |
| George    | GE                           |
| Hannah    | HA                           |
| Ian       | IA                           |
| Jane      | JA                           |
| Sam       | SA                           |
| Anita     | AN                           |
| Brian     | BR                           |
| Catherine | CA                           |
| Daniel    | DA                           |
+-----------+------------------------------+
15 rows in set (0.00 sec)

NOT IN (with values)
mysql> select * from reaction where post_id not in(10,20,30);
+----+-----------+---------------+---------+---------------------+---------------+------------+---------------------+
| id | user_name | reaction_type | post_id | created_at          | location      | mood_level | comment             |
+----+-----------+---------------+---------+---------------------+---------------+------------+---------------------+
|  1 | Alice     | like          |     101 | 2025-08-07 10:15:00 | New York      |          8 | Nice post!          |
|  2 | Bob       | love          |     102 | 2025-08-06 14:20:00 | Los Angeles   |          9 | Awesome!            |
|  3 | Charlie   | angry         |     101 | 2025-08-05 09:10:00 | Chicago       |          3 | NULL                |
|  4 | Diana     | wow           |     103 | 2025-08-07 08:30:00 | Miami         |          7 | Interesting point.  |
|  5 | Ethan     | sad           |     104 | 2025-08-04 16:45:00 | Dallas        |          2 | NULL                |
|  6 | Fiona     | love          |     102 | 2025-08-07 12:00:00 | Boston        |          6 | Well said.          |
|  7 | George    | like          |     105 | 2025-08-03 11:25:00 | Seattle       |          5 | NULL                |
|  8 | Hannah    | like          |     106 | 2025-08-07 15:50:00 | Denver        |          9 | Completely agree!   |
|  9 | Ian       | angry         |     107 | 2025-08-06 13:15:00 | Phoenix       |          4 | Not okay with this. |
| 10 | Jane      | sad           |     108 | 2025-08-02 18:40:00 | Atlanta       |          1 | NULL                |
| 11 | Sam       | like          |     101 | 2025-08-07 10:50:00 | New York      |          8 | ������              |
| 12 | Anita     | wow           |     109 | 2025-08-01 20:10:00 | Houston       |          7 | NULL                |
| 13 | Brian     | love          |     110 | 2025-08-07 09:05:00 | San Francisco |         10 | Fantastic work!     |
| 14 | Catherine | like          |     111 | 2025-08-07 08:55:00 | New York      |          6 | NULL                |
| 15 | Daniel    | angry         |     112 | 2025-08-05 17:35:00 | Chicago       |          2 | NULL                |
+----+-----------+---------------+---------+---------------------+---------------+------------+---------------------+


